Index,Word
1,apochromatic
2,dubitable
3,hillock
4,cranely
5,banians
6,volcanicity
7,amacratic
8,brainiest
9,skeletonic
10,chemospheric
11,consumptions
12,deoxidation
13,tallowwood
14,dejectedly
15,quinquennially
16,oenanthate
17,coacceptor
18,mane
19,barrators
20,values
21,bedtick
22,unmerchantlike
23,morglay
24,nagman
25,telosynaptic
26,crawlways
27,arango
28,humorology
29,cymbalaria
30,liberationists
31,formational
32,trachea
33,similize
34,feudalistic
35,dieter
36,maskinonges
37,palaeotypography
38,fatidical
39,untrading
40,dysphemistic
41,phanerocarpae
42,tranvia
43,marblings
44,during
45,previolated
46,unslandered
47,lete
48,dilatancy
49,overvaliantly
50,semigeometric
51,noctilucous
52,gingerin
53,squawdom
54,tubes
55,circulatories
56,acrogenous
57,azotizing
58,preconscious
59,sphacelotoxin
60,intradivisional
61,euphuizing
62,aggregating
63,agamospore
64,dialysers
65,obol
66,enclog
67,calcular
68,amphibryous
69,impendingly
70,preeliminated
71,kingsman
72,leavetaking
73,planospiral
74,cryptophyte
75,liquefiable
76,casework
77,logicist
78,coburg
79,pathic
80,shindys
81,sienites
82,carceration
83,apostoile
84,undrilled
85,bulked
86,ferth
87,wavered
88,pauldron
89,alismal
90,appetencies
91,citronelle
92,prevoting
93,hierochloe
94,nephroptosis
95,hectares
96,routing
97,enjoiners
98,unsewered
99,abetments
100,antioxidase
